{"cameraMode":{"drawMode":0,"name":"Shaded","section":"Shading Mode"},"sceneLighting":false,"audioPlay":false,"sceneViewState":{"showFog":false,"showMaterialUpdate":false,"showSkybox":false,"showFlares":false,"showImageEffects":false,"showParticleSystems":false},"in2DMode":false,"pivot":{"x":-3.63100004196167,"y":0.6578999757766724,"z":-2.197159767150879},"rotation":{"x":0.20054630935192109,"y":-0.0014440948143601418,"z":0.0002939564874395728,"w":0.9796831607818604},"size":0.28363847732543948,"orthographic":false}