{"cameraMode":{"drawMode":0,"name":"Shaded","section":"Shading Mode"},"sceneLighting":true,"audioPlay":false,"sceneViewState":{"showFog":false,"showMaterialUpdate":false,"showSkybox":false,"showFlares":false,"showImageEffects":false,"showParticleSystems":false},"in2DMode":false,"pivot":{"x":10.140230178833008,"y":-0.1772826910018921,"z":7.5071539878845219},"rotation":{"x":-0.022862756624817849,"y":-0.9663535356521606,"z":0.09246940165758133,"w":-0.2389300912618637},"size":6.486691951751709,"orthographic":false}