{"cameraMode":{"drawMode":0,"name":"Shaded","section":"Shading Mode"},"sceneLighting":false,"audioPlay":false,"sceneViewState":{"showFog":false,"showMaterialUpdate":false,"showSkybox":false,"showFlares":false,"showImageEffects":false,"showParticleSystems":false},"in2DMode":false,"pivot":{"x":-1.91241455078125,"y":11.788198471069336,"z":2.0718915462493898},"rotation":{"x":0.06055119261145592,"y":-0.9312174916267395,"z":0.1819082498550415,"w":0.30996274948120119},"size":57.78324508666992,"orthographic":false}